ResponseId,groups_4_Ideology
R_2CIySnwy0pc69vc,Moderate
R_1ignUkBJIRKjVAs,Conservative
R_O2sM4EZf9O90vZv,Moderate
R_1mUeQk6jzJ7vnsg,Moderate
R_23UAym36NvSTYqo,Liberal
R_YXqZIX3yrTOUMyR,Moderate
R_2pRIeR1t5KWReUN,Liberal
R_2fekbMT9Y2dxWLv,Moderate
R_XqaEXZClkIE9lRf,Liberal
R_1DBdDegsP0SoC0P,Liberal
R_2XhpIrH73WSk3bw,Moderate
R_AtFUQykhgb9Cmzv,Conservative
R_3kL1LziyJu3Bxp0,Conservative
R_24vi69sYMb6s6ve,Liberal
R_1jJq3G9ToNhR4zr,Moderate
R_3I0M5cKca4VK0P3,Liberal
R_1LvwmEGhpfDsFFg,Liberal
R_3dFww8paN4pa2OM,Liberal
R_3jfeyOWwhtKxX9S,Moderate
R_3jYURWx3cOSJBib,None
R_1mDx2WqUL4qusRu,Liberal
R_OvW1SIRGjQBxClX,Moderate
R_QamnPoXqT78hfdT,Liberal
R_BVsDZtMny4XXCXT,Liberal
R_RFbY9g7uVWlSB9f,Conservative
R_1rNZV2Js0LcsWNz,Liberal
R_AimEnd8wf2epjiN,Conservative
R_1HoFetm84B9e9m9,Conservative
R_x015rl1q0zzzfDb,Liberal
R_2eVbjN8seXOqM5n,Liberal
R_2eQmO1gSCQGrzV9,Liberal
R_3HTzKVrWOhYm8vN,Conservative
R_2WUnkBFXZtwRimn,Liberal
R_xE3mKE5PYmR40et,Conservative
R_D5ymzyh3g9BSjO9,Moderate
R_2b41CAVaC1dwpXz,Liberal
R_3NLorhYPVuWX4eo,Liberal
R_1CqhO9KfUAhlh17,Liberal
R_2RaFuesumaO1hbL,Conservative
R_12Fr9I3WYkk0b7x,Moderate
R_bwL74oUuc3xsERH,Moderate
R_2EbeWKvC6w3WCgS,Moderate
R_2YzVAUofO8RygxN,Conservative
R_3KSAuMl6HeJv2pb,Liberal
R_ByRH0j1c17nsHwl,Conservative
R_skaLkXyeuu43DsB,Liberal
R_1i2Ry4bDV14yo4A,Liberal
R_esQlcxHcFUscJJT,Conservative
R_PuowkxYdZ1ly7ip,Liberal
R_OyaQobVrfMtQoaR,Moderate
R_3hDzAc4tF7Y34Ok,Moderate
R_1cYZ4vSZ5tmLr29,Moderate
R_3oSY1f2FM3JsgdV,Liberal
R_ptmKfHt6Ksh1k8F,Liberal
R_r0Z7c7n2G36PFRf,Conservative
R_3NWDs9oHsoaK7Iy,Liberal
R_3J9hW2k7BmRpc0V,Moderate
R_2zeXdqODTu0BjYM,Conservative
R_3HHuiAjYtaljXeP,Conservative
R_qykdaJdF2ttPDy1,Conservative
R_WDP1M1neNSiNJzH,None
R_27lFVcynsQvO8oR,Liberal
R_1jkyxBVpkWQanKE,Liberal
R_2zMaAiIFsFbDKy4,Moderate
R_2zwmSymN5F8rdtJ,Moderate
R_Ry6QcXCU1AAiIq5,Liberal
R_2srAFncmAoI9F1n,Conservative
R_2zXX4gHZJ08FHJk,Conservative
R_2wFASDPScStdTkp,Moderate
R_1KkHUMCV5pFNjfW,Liberal
R_2VfQJvWH54kgSYl,Liberal
R_40ih2iBRRbDLNXb,Liberal
R_3O8ixOasrTG3JiK,Moderate
R_20SZ8kqOuHMw14U,Moderate
R_2rjQEvNF5u7y3FQ,Conservative
R_3fABEeh0mSKsoJJ,Moderate
R_5vxW67jcj0Va0Tv,Conservative
R_3p5dx7jTVGHywvp,Conservative
R_2aCwCiaef7Yvom8,Liberal
R_2zzFCXv0Qt3VVJc,Liberal
R_3lGQaO6mcB48UH5,Conservative
R_AFICeAoYF98yCKB,Conservative
R_RwzM4QuIZdbnylX,Moderate
R_1QAX6fWTA1dptIX,Conservative
R_2xJYeQWw2prOo6g,Liberal
R_12fNwsFX4wkNTBN,Liberal
R_cCl73MsDJgxTeSd,Moderate
R_1q9wwCg7uRUfhqG,Moderate
R_WqdWEpyjykjkAjT,Conservative
R_23f12juUH6NOdY7,Conservative
R_NVhwP5uPa0p3hvP,Moderate
R_33jneYhWn0xpGja,Liberal
R_UDYwFQKKxFKDHNv,Moderate
R_29mMtQKHKkTau4a,Conservative
R_DHSBaWbSsI9zlBL,Liberal
R_33kUg2QVOdJjGT4,Liberal
R_1n0DGEAGZvm0CcR,Conservative
R_1pxj4VAa0xK5tu4,Conservative
R_27HiyuFOovgOgtH,Conservative
R_2X0bXk7qbe0WvGF,Conservative
R_2DXPwFjsYEaCbRs,Liberal
R_1r02BLSDSNwx5ZC,Moderate
R_2aXFMTOLWlLcBLQ,Liberal
R_R4ef5ckKn3SmdxL,Conservative
R_2DLKq1fM8mEHq5R,Conservative
R_1TwUKK9JHezY8XT,Conservative
R_1mseSITXdb13Vhj,Liberal
R_C2jXrlO13okgtkB,Conservative
R_0uH8sqJcpUdOf73,Moderate
R_Zw4Opf8yyS31aGR,Moderate
R_1DGPTdYVwG1kTDA,Conservative
R_1H7tp9dzQWglj84,Moderate
R_s72lXcorJROkRB7,Moderate
R_1jlYgI3GtyllKM1,Conservative
R_O8W1EdZlv1t9WIV,Liberal
R_yRbMUtQNmk5O3h7,Conservative
R_2CdEM7Hc30IPpmv,Conservative
R_3IPPIXanc5wkdGU,Liberal
R_3NO5w1bhWG9SvqS,Conservative
R_2uCcxybfTQVA2L4,Moderate
R_2sNCTmvxVCOSrDz,Liberal
R_2D7vPF0Yi0UHLhk,Liberal
R_3NRlwYIAQhyiHCR,Conservative
R_2TLyQVJu46hn5So,Liberal
R_3CDW1JG8az3Trtg,Moderate
R_00SaRikWKjLtVTj,Moderate
R_1LHXNaFdEYtou6u,Conservative
R_3EAcMYxP0hAWDV9,Moderate
R_0kzhjnZ7tNefqFj,Conservative
R_3pg9pJ5kTUmZ8x6,Moderate
R_1E6GxUkY98N1T6n,Moderate
R_1i3dl2Z3zi2sTIk,Moderate
R_3j86hL0YovaYYHi,Liberal
R_3nCQniMnF4KOJqU,Liberal
R_3MMUt3fnZK09Vhu,Conservative
R_3OfziJfsHgDKqU7,Moderate
R_2rCaiXGSyEa9FYT,Liberal
R_8HXCR8e9Ek8CGmB,Liberal
R_2TGiHJ0p28eC3iQ,Conservative
R_24CKUKkkGGBSgq1,Conservative
R_qCsmcw5jrH2J7Il,Moderate
R_3dMukShxrZx2Y3H,Liberal
R_AI1IZyPpUIknNWp,Moderate
R_1Ihgp81JCkQovVX,Conservative
R_306qBLXwQMeNR8M,Moderate
R_2xXl0cCgOnoljGO,Moderate
R_81VPfZcRP8mhSPD,Conservative
R_1dtbbD81ZtMu7Pp,Liberal
R_3JkOa4HTwtdYEHv,Conservative
R_2SCvbQVV0UKelSB,Moderate
R_cIlfnCdcnY3wj2V,Conservative
R_3Jmyh8hLIjP4GC6,Liberal
R_1jv4wMYuc70NrmJ,Conservative
R_3OpQdxwPNkmf77I,Conservative
R_21oKGBp2PfnLzG6,Conservative
R_0CCGrq9vrtjvPs5,Moderate
R_2UaAGVuEXQRzOiz,Moderate
R_BJo03PjqQwv9p5L,Conservative
R_W1fKLPlD4zRnOgh,Liberal
R_1ML1yHeaNRNZmMw,Conservative
R_1dcPhAfK5SYEY7C,Conservative
R_yk084j3S4m8ubLj,Liberal
R_238eFO1VnYPK8nX,Moderate
R_3G21Z1wzZ2sTr4S,Moderate
R_3PXjipdWUkak5k9,Moderate
R_1DCJ7OKbzdileW8,Conservative
R_3Giyk6KiUaZqTWn,Moderate
R_1CBodPjPMCtANT8,Moderate
R_3nkkymdrKhUDz2b,Moderate
R_20Pzcmzi67CNorj,Moderate
R_3OkaUw8lejM7sjQ,Conservative
R_0JVjIUcs7rA6R8Z,Liberal
R_Z1BQDmQUpX0Pcgp,Liberal
R_3DoTLxEARX4qh8a,Liberal
R_cZMC06msZhkrPpf,Liberal
R_12PWov92dkSiZN2,Conservative
R_DH9dZol1UWK0Pap,Conservative
R_C3Nat0vSIKaExq1,Conservative
R_soPjK7dNXaFT0zv,Moderate
R_2fDMoFimsmUeZET,Liberal
R_3pu97Cq1us7Jgq6,Moderate
R_b4lpSSNp3ZwPPnb,None
R_ykFCnU3fIEDkJLb,Moderate
R_1IQwcIEUgUNYP51,Conservative
R_ekXVMUaAyvvcTGV,Liberal
R_3lYVy8y4wpiOfb6,Moderate
R_3PS5VYYYHAOLX3F,Moderate
R_2c7T5zoPo2TKw3b,Moderate
R_1IjajgcAMwTfElX,Moderate
R_3hgzHKoiP4e8fVU,Moderate
R_1Ii5Hnua1tRauZY,Moderate
R_AECIYnYzIdFAXSx,Liberal
R_1GHaBzZQ85eqk4w,Conservative
R_BKaCoZ5E0LJDDS9,Liberal
R_1o5rbjFXr8U2RXi,Conservative
R_1gGSsnKiPBTaoHV,Moderate
R_2zTsdYztfxEeXQI,Moderate
R_2PiqsHvcudgsDRj,Liberal
R_1IYGx0VlA8Hm4HV,Conservative
R_PO3OaDyiYRAL0lP,Conservative
R_1geGS4zstteMZWX,Moderate
R_31L9pVkspC4h6PS,Moderate
R_1rqR90DP0Nj7aus,Moderate
R_2bIW3PrUSVyHDr6,Conservative
R_1FrNmpVgCJXyWMi,Conservative
R_2yryJ7Sbq69CV69,Liberal
R_0Gwokl5e8QuBd05,Liberal
R_2fp4eig7LVs6YuK,Moderate
R_1jldEk0h0MM7dqo,Liberal
R_27ezl8FA2R0Zf9Q,Conservative
R_1K0AVmTk5U1vsza,Liberal
R_31LfdoLGlScfDCn,Liberal
R_2TtaXOjWpxd761t,Liberal
R_vk8mcVCnqNYeBQl,Moderate
R_3kNrl0OJV47gc4p,Liberal
R_2f0VNhiECG410EI,Liberal
R_1gT2Uyec5ZzCfZd,Liberal
R_2zvBSPhyUVhtY0q,Conservative
R_31i7lQZlIvQpo1i,Conservative
R_123DHFG08Is9emH,Conservative
R_AGS8YC1YZ4V7S6d,Moderate
R_yKfJxNT2ZTvyZKp,Liberal
R_1pArYJugXWt2p6j,Liberal
R_sGobJE4PqP8NeM1,Conservative
R_24vJUM6YRExnJBy,Liberal
R_3Dp7UOmpTzPVUJk,Conservative
R_1IYlWsahZkmENH0,Conservative
R_3r3fN1pcJPnRkr3,Moderate
R_1HUEYXDw5s3m60p,Liberal
R_3dRF53pKvDklAzA,Conservative
R_3RsvTUEcdkpa5aC,Conservative
R_3G6AnCBE4RtpbA8,Liberal
R_2PvSeyxm8YWyPdV,Liberal
R_2R2j0FrxDUOBvoy,Liberal
R_1diD3xjhJzctJS1,Conservative
R_1Pel06o0nrH9ATK,Moderate
R_yIpObJmskm6j3yx,Conservative
R_2YJUxOiSphH7MEa,Conservative
R_2DYxPLR29FY1M3i,Moderate
R_3NQJbaDUibUS4fl,Moderate
R_2rHj0IXRZGZm5cr,Moderate
R_28O3gvqFlJ60mvr,Moderate
R_eP45YvZvGfOnaA9,Moderate
R_3nd9yXBvrug0bwy,Moderate
R_3n1bhel46F2Rl8v,Moderate
R_UXR0oozintb9XB7,Conservative
R_1FeWJ1uJN1FweGQ,Conservative
R_31TT23zwAdT9tDU,Liberal
R_zdqCK4TJDQmfKW5,Liberal
R_2cpY7iYlqqJmqDm,Liberal
R_3DuXmm1vPZobLX2,Conservative
R_3CD8Df9sZcpvE49,Moderate
R_3HRNpP8mc9xL4ys,Moderate
R_3CBCkHZgwNcK0XR,Moderate
R_1M4FKrqVOTIjKTr,Moderate
R_pSfr6ZMoHmJJNy9,Liberal
R_Z8CNH20pJhYjABz,Liberal
R_2rNQxLmMyMzXGEs,Conservative
R_3g0oGoiGLlm1u0y,Conservative
R_RJfCGZPEUygwxhf,Liberal
R_SQ93gio8e0ZqTgR,Conservative
R_1rH8SN9jtSeSlVY,Moderate
R_2ZHYImP9OpjZ2gY,Moderate
R_p5EU4Uc4gvTI7lf,Conservative
R_2z5CFjhlh9mf996,Moderate
R_1OIHCUOMClKNrfm,Moderate
R_2R1XVDnbr7Fnusu,Moderate
R_2w1ghEfa7uWFZLy,Conservative
R_1ls2kHEa4l1zTxy,Liberal
R_12JC8j3kkjHStYz,Liberal
R_3oKQqcHY684Lmg5,Liberal
R_27CE0SFmfEmjd23,Liberal
R_2tDSlLSLFOr0zoH,Conservative
R_3EVTiRrnEOMlNeV,Moderate
R_1LGcSjpK3dHWHQ8,Moderate
R_1OPl9H8NghPp7hV,Liberal
R_23eKt208yDJToUw,Moderate
R_5vGHPmhF5v7jfah,Moderate
R_2S1RHOxibaJ338V,Liberal
R_2dATQ1miAbCBgn5,Conservative
R_2zPgphWWWvhPNnU,Liberal
R_ZgUVepnnBho7gu5,Liberal
R_3hA9QxiYUV4jTjJ,Conservative
R_3HAlJRnJl5OJx08,Conservative
R_11hzdGp7ulHou7R,Conservative
R_ur0CZDVDc1tLHkR,Conservative
R_3iPAT62rCYmE0ul,Conservative
R_10pjJNqkZQxXjxi,Conservative
R_2YRIT0pJGd7k0hm,Moderate
R_2tJ4RiUsTNGtxr7,Liberal
R_1CruVbyz22SCZvn,Conservative
R_2YDk9ctDGpgOl56,Conservative
R_2QWZTN8CnrWFVLZ,Liberal
R_307Buy5S4Fr9rNk,Liberal
R_3kcwKfvs12RVmj3,Liberal
R_1OZD11UzoJSCKra,Liberal
R_1EXqJ979ofsS2LO,Moderate
R_1LoFGHcX2LmSuxu,Conservative
R_2PvuMByAaJuXUJX,Moderate
R_2tmXrGeLb5CpwPF,Liberal
R_3jVh81KngV6bUKh,Conservative
R_1LHUeDUWypUjKXq,Conservative
R_8AqNsstfocyFqpz,Conservative
R_1FIEqucmfrFCupL,Conservative
R_10rt15OLib0Xubw,None
R_25NoLFgkdNaF5xR,Liberal
R_2ByvFRGV3PASFrx,Moderate
R_3kvlQB3D4Xp4Ptj,Conservative
R_2CUomBxqmN2lpjQ,Liberal
R_cPgjnQBG9Hvc4gh,Moderate
R_Yc6cspZfveV1ih3,Liberal
R_WeMH4mWWx4iBzln,Moderate
R_238pcbRdkHHSsDN,Moderate
R_30ixbOEtEXWNm0U,Conservative
R_1C1MxVZymHzXSHm,Moderate
R_phenRd2Txusoc13,Liberal
R_3MG3cFQmej8Zqdu,Conservative
R_1gdrg9aDqIFUe4m,Moderate
R_3feIBD7Bwry5k5W,Moderate
R_vqzygVO3irlus01,Conservative
R_PCKAt8usjAfcjhT,Liberal
R_2ql6sk6CBAI40q3,Liberal
R_DkMO750RtasHHod,Liberal
R_2EAh2G8gIzq2aVS,Conservative
R_dosCyZJMNLxfddv,Moderate
R_uspbVcoVZFv6W8V,Liberal
R_1pJqc40WEeXde7A,Moderate
R_1DP80ERtos2o3hc,Liberal
R_3rIfZwcNF5mMNuz,Liberal
R_1Iz7Ljx1uzLSomH,None
R_37VjELHESrOxZ9n,Moderate
R_3qvVQqjp8H1yQKU,Liberal
R_20YfIMBTYFuD2Ax,Conservative
R_32XugbBXITQ2lfi,Moderate
R_2tiikUjy4UVE7X1,Conservative
R_2zI80AzqiujVs5P,Liberal
R_3D8Egs8HXUMR0f1,Moderate
R_3NJ0UeFZntpkNrI,Conservative
R_22Kx9UVqKll1p16,Liberal
R_3g13G3Esth96EON,Liberal
R_3HObgVjm8wsK3HP,Liberal
R_1hLovSfZF3MpHlz,Conservative
R_231PMidlmZFMAeO,Conservative
R_21uOEJTwYzosgBw,Conservative
R_2wAD4bULtySCDJ9,Moderate
R_AcU7VipH0bFbHLb,Conservative
R_1IGxhtApwOH5MZv,Conservative
R_vBukwAnkYmljscx,Liberal
R_3EBhE6cCj8YTx7k,Conservative
R_3HCcgtwPiBDpNp6,Conservative
R_3oT6rKuqCiBSio9,Liberal
R_39i2XnllVO9Ac9z,Moderate
R_u1GZ1czox9wu4lr,Liberal
R_2e3TvX7gv3Az17C,Moderate
R_XSWW6XCyd3y57ah,Conservative
R_cBz0FgFaPFSpPe9,Conservative
R_2VybvlnGvi9DesF,Moderate
R_1mqqdJY8cZ3WpQs,Liberal
R_3CHIujTrAOvgKuI,Liberal
R_2S7RoxODv2eHRWl,Conservative
R_5swLbHyaopyGPgl,Conservative
R_7OnTwB3Qgq6F3LH,Moderate
R_28RS1NKXYxvgiDk,Liberal
R_3F3hR2yxEeeuJKm,Conservative
R_CmimzfCTjLOsbf3,Conservative
R_UFaaJmkgP3ygEMN,Conservative
R_1BVjUV5eCAYuUzp,Conservative
R_1n907ZgBKyrqHlI,Liberal
R_1JXdJ7Rr9GXlcY3,Conservative
R_Rm3lvrwUIZUeC5P,Conservative
R_1fjTtVc48yAz159,Liberal
R_1EWfroGKcMBjncC,Conservative
R_3fQ25HVN8PsEZnC,Conservative
R_2zZNXunTKdyJ4Pk,Liberal
R_sojPs8P7oPuhNKh,Liberal
R_5dq3XEaAMR9xZYd,None
R_338CopcIWofUwI0,Liberal
R_1dv0YaciyG6zuFj,Conservative
R_1EXuzXKWZmcicvj,Moderate
R_2i4HRv9F8EXZyeZ,Conservative
R_3iOaZjdXBkQB4hN,Moderate
R_2djfriBfidSa9kG,Moderate
R_1cXI7Y9bZdhYqqe,Moderate
R_2cw8NkCNGvdqKMm,Moderate
R_3MQFMmFREXW3P2X,Moderate
R_3dZnTYDZuvNehHM,Liberal
R_2e3eGTcUQFb75pR,Conservative
R_3I0r428Pr7H94cg,Moderate
R_1GIH7L3ZC81DK2e,Moderate
R_1IQbWANamqOnqkG,Moderate
R_27P4DtHOq4iWrsy,Liberal
R_V3l21kfzQHtsAMN,Conservative
R_1Nl8IIyvlYTW3f0,Liberal
R_3fy5uKAaXFs8QqV,Liberal
R_pDxquPHx7E73q5X,Moderate
R_3dVP8rQYfXGuKqv,Conservative
R_2wsIP3naZGyaStX,Conservative
R_2E0pE7vvvPyfubS,Liberal
R_1n3gwIGTHmmiHF7,Liberal
R_3lMjURtZfYQqUhd,Moderate
R_3oBfzSDCIodDkZX,Liberal
R_31arrDLGuvoXAlI,Moderate
R_2WG5VyalJKFGew3,Moderate
R_2Ce0T9WVOFu381R,Liberal
R_3QQ1imj7B1HibmA,Moderate
R_3Leg7eNFgaKlRcf,Moderate
R_7WchCm6zEBSZyDv,Moderate
R_3fvlIZtn4IHPgSO,Conservative
R_41qQZVyztR1DHEt,Liberal
R_31vCl5H2CSZesMZ,Conservative
R_3qldWTHQSQBHHpm,Conservative
R_yJzgsEtP8GVabMB,Liberal
R_8IFv07DHkLn4b5v,Moderate
R_3hiGrBOdPhsocWF,Conservative
R_2WUV3DMVabr1JZT,Conservative
R_1MYAOV0j6sZkfvM,Conservative
R_3I9QdT5wivaksA8,None
R_2uwygsAdhTTis9v,Moderate
R_29n0MHkylf2Dft4,Liberal
R_1LbrPzeGFslovlf,Liberal
R_3D0W8wHCHkhEflr,Liberal
R_xbleAQ8PYA4aqS5,Moderate
R_25vIEYyWXKGPHZR,Liberal
R_2AWkL2jmytg2jb2,Conservative
R_2zMj62UFmtGlSW7,Conservative
R_2VvvqG0Lni9ewO3,None
R_3Jrq1eBRHogcKdP,Liberal
R_1doT3kCBvgYB3VC,Liberal
R_1dNc4v35br0CK3W,Conservative
R_1hKoiFEGkiaGieA,Moderate
R_2bVm9YMewXmzWTx,Conservative
R_3fW7GcnhHX8gLvB,Liberal
R_26kTV39aPZycxHi,Moderate
R_3QnwYRKJ19ISuOJ,Liberal
R_3dWxZrTgkqQStFm,Liberal
R_3Mu6sNzi2Dkl63g,Moderate
R_1od3b2YQtxs9ISF,Moderate
R_1Nwy3eAkZnvfQxh,Liberal
R_2ux1U9AYoaszJOA,Liberal
R_3NDM3W4f1G3Iwym,Moderate
R_1kS7DTDKositQut,Liberal
R_C1foxFn0Th7fqXD,Moderate
R_111rL7ybwmlVPJE,Liberal
R_r8a9mdc2rntsNk5,Liberal
R_1KfqvicrsmSr56g,Liberal
R_3elhWJsWLyrUtlV,Moderate
R_1kXfdDzDYOWEdDL,Liberal
R_31zVIoS4spVITO2,Moderate
R_10Zc3wxCTRXpJ6s,Conservative
R_33dpgTaoJ3tu7bN,Conservative
R_3Ed3vvuq6qqrOn2,Moderate
R_W82MJKksvuq3bA5,Liberal
R_22oc1utFlV62xdc,Liberal
R_3FOKUHUVsKStpjT,None
R_tG9rbW4vLdi8UW5,Conservative
R_1LSAvG7TqwZaULD,Moderate
R_1F2mUYc8avebrHJ,Moderate
R_22KYIw8C2SbCTnq,Conservative
R_2VmtyTTRSbofFX8,Liberal
R_2463qYzKVFnc7Di,Liberal
R_yWssufBgtxtbGdb,Conservative
R_0AOIWNMOlJuB6x3,Liberal
R_30eK7BlomAJqucS,Moderate
R_3oZo5CKxtvd5pEr,Conservative
R_Qn1C22z7Pnug5Q5,Liberal
R_3e3Pb7dmYdL2fwE,Liberal
R_DcV78TQl6Xc801j,Conservative
R_1inBN67OWH2u6nN,Moderate
R_2QzaXURV4CMrVNu,Liberal
R_330SiXZW3lwPn2B,Conservative
R_1Qn42XvrljWS2GX,Conservative
R_3fV1EOVtRwOrWn3,Liberal
R_3fpGudIDGdiAo5s,Liberal
R_2axfSlHMdD18yAK,Conservative
R_3fCuQo0TTWsvT6j,Liberal
R_RQOF1aeJiTociop,Conservative
R_1rohzTx11p2B9Xs,Conservative
R_2ByS5rrQFAkjcx8,Liberal
R_1g8wU1W9Nr9XjOm,Moderate
R_1jy2ZJAoi7XPTLA,Conservative
R_D1RNE6qneq88tgt,Liberal
R_scVnBpjeoKKED3X,Conservative
R_018zBK84AyKawYp,Liberal
R_2f7qS4mf5w1daqB,Liberal
R_2w1ay6EsLMNM4MP,Liberal
R_1OP7ljxtMi7iwvG,Liberal
R_1gNoCGVXGocpXRT,Conservative
R_1hGrXg0niHEBxrk,Liberal
R_0wUtQmpZoHnqgyR,Liberal
R_2dAztZKnZ48dB4t,Liberal
R_2Bh7nJIF0yzaoMQ,Conservative
R_1rBc2gQj05RmBCZ,Liberal
R_3JhhXDJGkhSx5Jq,Moderate
R_3GiInCgiW1DF77U,Conservative
R_dj05i95ysb9VWpj,Liberal
R_12heqO5rJ3f5xxK,Liberal
R_2PsRqzzvlg898Z2,Liberal
R_268XDZ276HP474k,Conservative
R_3FUQFMbT1fD040d,Liberal
R_1imN2z78PHtTqTy,Liberal
R_1eQvvOFUMmoeZ1R,Liberal
R_Y0pu2WVTIY8Tp9n,Moderate
R_2TG1kkGSrdZib7e,Liberal
R_1QGEWtPJWO9MrUB,Liberal
R_2X5tg3HGe3RIOEL,Conservative
R_3MnUSjWFAKcAuIC,Liberal
R_ePyVLpB8rPSuDRL,Liberal
R_3enyURlnJF1QZM2,Liberal
R_54nMCPp1tyBJk2Z,Conservative
R_1eXW8W63zo1SqGf,Moderate
R_2Rb97BNpuFAGf5X,Conservative
R_5pf1MsrlPDer8kh,Conservative
R_2Vsc3eo1wQJeKYv,Conservative
R_xlPhYEswNTLuV4R,Liberal
R_zYXaEJu1Ib4zibT,Liberal
R_3Ez2SUgU2vMQq4S,Moderate
R_22EUvhXW0UVdUhC,Conservative
R_3qIqpxXCEJHV5gV,Liberal
R_Tqle4ViOFjdjoVH,Conservative
R_22sQrTJGHjrjodc,Conservative
R_1F9a0888Olwb9y1,Conservative
R_1jHx5W0AgIBXRK1,Conservative
R_3NUlj3SMXo7qNaU,Moderate
R_bPX2hnxOz6JbdnP,Moderate
R_21vVAaz5TwWtyVv,Conservative
R_3eyrwnaAbnbr50c,Conservative
R_3k7dMLIDOTtsp4G,Conservative
R_1MLDOsA84IhJy4M,Moderate
R_1pEf83EYUjs9Xng,Moderate
R_3j7iFsctXkoPIjo,Moderate
R_3Ge1gJHOubXM05N,Conservative
R_BWZ3JBmGeYUIpot,None
R_2sYF4prtn44yb12,Moderate
R_eFfiEnStGFe9AuB,Conservative
R_1Iv0fEmnjueDohG,Moderate
R_VUNHjIgXs93YLVT,Moderate
R_2WPDKZDtWj636q0,Moderate
R_3k6xoMqT5tZuZvo,Moderate
R_3QWBI3qwsv88NO3,Moderate
R_27iXMXcBn5N85QD,Conservative
R_2ygygJarbZVQbgQ,Moderate
R_1dp1E4KfWIjp8H3,Moderate
R_3lVscA7YbOjCzPM,Moderate
R_1FEwh3fSOuYb2Bl,Conservative
R_W0f6acqy3nHdsEF,Moderate
R_3n351GRQ5vstgVm,Moderate
R_33e5GCZ4WCRMvAJ,Moderate
R_2S5Z7IFfyD0XMJs,Conservative
R_uh1bQn0p1I758Ix,Conservative
R_4NGEGgX6NdgxHK9,Conservative
R_1rlk8lc8rmrUdVM,Moderate
R_2WSGpBkWUi801hI,Conservative
R_Agm2IpPNv8AdOLL,Moderate
R_R31B5SIUCHfAMUN,Conservative
R_3njgL5qRCyxHJP8,Moderate
R_qEi66FhFVNTox6F,Conservative
R_yIKqR5Av3B1pAkx,Conservative
R_2t3AXGGwISuIh7P,Moderate
R_OydLslTCqwONo41,Conservative
R_w192LRwPGuYchiN,Moderate
R_2s0zAPEQQxYAFsK,Moderate
R_3gLgaVun1Q7UyMa,Moderate
R_C4eSLrDyiZzcceJ,None
R_0NBQwJe0BYjpgBj,Moderate
R_1QsIeerboHsYsNe,Moderate
R_3MF3eZ1fsog0OEX,Moderate
R_DjiSY8Ekhri7Ctb,Moderate
R_2RQjWBPP2L9PCX7,Moderate
R_bQpLHy1jE3Y97UJ,Conservative
R_2Sf6L0S3xSwh5ih,Conservative
R_1NmhwtDo7juaTyP,Liberal
R_2viuacfLrdSNJ72,Conservative
R_z8VPRu0JloE6JYB,Liberal
R_1dH8a36P58F0Nml,Moderate
R_VQk4pfUpICgx6nf,Liberal
R_3FamKHFwlc8Tz9L,Moderate
R_plMqsGQMC145z1L,Liberal
R_1QcM0LnC0ZYfU3H,Conservative
R_3PuBpYRvfKQbhKF,Liberal
R_Ab9UrlMx26x9Mf7,Liberal
R_XnYSUMsRqcpuzMB,Liberal
R_eleW9ggLSlHEOsh,Liberal
R_2fIDI2TRodHvo9S,Liberal
R_11d4Z3Vu5sZEeed,Moderate
R_SN7Z8v7xEXTG0Kd,Moderate
R_w810LD36BoVMXWF,Conservative
R_1lyE4s653hURJMN,Moderate
R_1OmCXpp6mkqjhpn,Liberal
R_2xFuYDXw0azYfg7,Conservative
R_2DTTz3RIPKAZ9Zi,Liberal
R_2f0u5Ymr3ATIVPk,Moderate
R_2pKRsBWEuOlIpy0,Moderate
R_2Cs5JZBxX3pm2ym,Moderate
R_1r00pMlftmCnNdS,Liberal
R_6zmWyUV1NQ6UedP,Liberal
R_UQkp0CBCWaBvKpj,Conservative
R_WwbsTtUgXaC8qGZ,Liberal
R_PGwvOMGGYaMG6Vr,Liberal
R_AoDJpO4lJxRsQHD,Liberal
R_005XxEohuDdbwXf,Moderate
R_2pMio7NGm4tG0Qz,Moderate
R_pQbGhXLSDA3Q3LP,Conservative
R_2t4hr6RB8aK6g6Q,Liberal
R_XQVBtEZuEUz7Ljz,Liberal
R_3Hq22GDo9Hb9ix8,Conservative
R_3PtpiNI6eHppz9d,Conservative
R_1hNdel20VpPX1VP,Liberal
R_3edU55NsRcvCrZm,Conservative
R_3DjA3rA0XDCVcKk,Moderate
R_0BznfS2dAmc9FU5,Conservative
R_1j7iB6lvsAfvyAR,Liberal
R_1dLxR8V8bTGUIDE,Conservative
R_2BrNAQ9UvK3rTum,Liberal
R_2QFih8ZiSJDISPG,Liberal
R_9mfHBCY9HUEH2sV,Moderate
R_RCYIwGhlp5ytKKZ,Liberal
R_2q3mJY76qYEeEZE,None
R_1rjoHfMNYaOGgGX,Moderate
R_2q8xe9r8kidRbHV,Conservative
R_2zhGyA5s89YMHBL,Moderate
R_1d0tlB6vwL2RhHP,Moderate
R_TgQNeciVWXQn60N,Liberal
R_21cxUu5E2e0CiBr,Liberal
R_2X7fApurzOs5swN,Moderate
R_6F4OTpviHpIDUuB,Liberal
R_1OOwVQGUS8cSxjX,Conservative
R_10HkoYCQ3c0fIYy,Moderate
R_eeyCzA8RHelVngJ,Conservative
R_2Ph7ks32xZNtiAV,Liberal
R_3gTtyYOSFPEWr2K,Liberal
R_DwvTwBHPg8SIMBX,Liberal
R_bxehogX48mMfRZf,Conservative
R_3kCdEkeX5LvVbee,Liberal
R_1CxS7PavFqK0Gxc,Liberal
R_3nHkJhdkpguofnC,Liberal
R_DdXw5MoXLMQyUSd,Moderate
R_1jdHlOwZT2Mkg5H,Conservative
R_SNw6KCtfaoqcyUp,Conservative
R_STbvrIALUQFn2mZ,Liberal
R_1IK0d11qIgw7DRP,Conservative
R_OfkB3iMsXqXjV3X,Liberal
R_27xwmeWgGyOc5cm,Liberal
R_DUi8Q5tir1wuNcl,Conservative
R_7V3Yh42JrjYCQBX,Conservative
R_2YoeSw4bppp2ySk,Conservative
R_1o5ayvnsqOJe1DS,Moderate
R_1ddbVPxKyaEGVag,Conservative
R_zVb0cYnpPrSWdwd,Conservative
R_1mgsCSfRfqwSpgH,Moderate
R_3JsLlDbYL217zvE,Liberal
R_2zGR9mPFXMf2e8k,Conservative
R_Zrg63inLPV3kfPH,Liberal
R_1M5iY6FaNYq3O0H,Conservative
R_1DPjhQy8xC6pdTO,Conservative
R_AI4kQEVUPGJfy0h,Conservative
R_1hyzr2WX66lNUts,Conservative
R_1qamqr6WF8bQsuu,Conservative
R_3shRo1iZnRFpAjc,Moderate
R_1GZ9auLaxxudRcx,Liberal
R_AjMws28CFeRr0mB,Liberal
R_2B9gzZaWBRMK1vi,Moderate
R_pQUewQ6gn2jkBZ7,Moderate
R_2pQ3z7bEvan2r5k,Moderate
R_3j8L8FcKeAu4ytD,Liberal
R_1hGrQ6hESdtuqtC,Moderate
R_3OqBnRKBKX8AWtj,Liberal
R_3dSS6jPrS5QFi6v,Liberal
R_25sycceSSnGb58K,Liberal
R_OIiFirfGPf1cvGV,Liberal
R_3fIQFIxcreorMOq,Moderate
R_3j38ZeGdvDGdZmh,Conservative
R_2xCLNq800AaFrwu,Moderate
R_1LHjUE5TjDfTEvu,Moderate
R_3CNKV3AxKXzdVrY,Moderate
R_3iIOmUJ0j9uVJrA,Liberal
R_110fdpggGOo3WvN,Liberal
R_3PnPIDgvBKKqiQy,Conservative
R_YXk30W4BeTBtByp,Liberal
R_ZkQ534uhHwGJWJH,Liberal
R_3EsAFHshpJn5vur,Liberal
R_3nkGLghUMe3hQHh,Moderate
R_zZtgHRnh4da1rmV,Liberal
R_1JJB4apjj05kiqa,Moderate
R_3Q7klT9Q5vYWt2N,None
R_3DewUoKSLXZCuPL,Moderate
R_OmcSrZRDIjaYCRz,Moderate
R_1KvCgz07XZwjNjE,Conservative
R_10OdTei5GBHdMmk,Moderate
R_b7q5I3MfmmHXMaJ,Moderate
R_27KH2BJBl09t5tZ,Moderate
R_1QrQng84v6FH7I5,Conservative
R_1Q58YdUpjMHtWQD,Liberal
R_2AHjwSqxvbfWYqg,Conservative
R_3oXep5ZBNxnFcHY,Conservative
R_1gGhVPQKJ5g2PBP,Moderate
R_2w06WCwE2o7VUll,Conservative
R_29amoRm4kx2pbEU,Moderate
R_W0QZ69f6NuQk98Z,Liberal
R_2q3fO1QOmtw4NIn,Liberal
R_1gjpGgTCO8zYaPH,Conservative
R_2QK6A64Luxf9dDu,Moderate
R_3m8Xoz7qFWBFLU8,Conservative
R_2AMDuhDvxEW01lk,Conservative
R_1Ed3ASpawEbs1bg,Moderate
R_yrruFuEnGGmuvjH,None
R_3078fDC1Ic2fkUu,Conservative
R_1LHXfL4fsOvZTw5,Moderate
R_2YPxm3tZ6hq1CSE,None
R_OffZYJnUKM4PjZT,Moderate
R_22K80MlGPNj0H7S,Moderate
R_oXYm3JsdVzjUr0R,Conservative
R_1jivM6qXwCi6MOq,Moderate
R_3G1EAml2vvAcBTp,Moderate
R_PY8FcqoPZNYRied,Moderate
R_33BSYAaVVCbUtxQ,Conservative
R_3s6s9OqQjqVMZx3,Conservative
R_xxrtjoBqnKtVxN7,Moderate
R_2dLqIdnrrEHlxIX,Moderate
R_23WdzdMt9h5ufti,Conservative
R_3ezANJdEUT6MZ5O,Moderate
R_6kZcghLrrmPp7yN,Conservative
R_3HN3ccjku9kvHyL,Liberal
R_24FWA34ndmONE5E,Conservative
R_Zh1RCEoeg7orbLr,Moderate
R_1hzijqmh6N7g8Vy,Liberal
R_1HeovHyh9UITRCF,Conservative
R_3qlf2cSUXpBTPdy,Conservative
R_3Rr6CsRkCmbBs5b,Liberal
R_3Jen0nb6SU8ZsQz,Moderate
R_2QrlASggUxS211I,Conservative
R_xD9oXjrLe155Fbr,Conservative
R_3ESiEGaMmaToI9r,Moderate
R_2VNJ67CVP02MwRT,Conservative
R_2PpsgnhNa58jyHy,Conservative
R_bKhQOeZkPdNhMoV,Conservative
R_3iWtGnWeOlAhZY6,Conservative
R_2xKMErsRYaTKpyh,Conservative
R_2ClDQSiYcQsKK0e,Liberal
R_10PiVE2TjyE3yLY,Liberal
R_1rcCMlYIiZat0Bx,Moderate
R_Dvo0EMpfgPn7kQN,Liberal
R_2VNCVtf61uXVZw6,Moderate
R_3gZubr2CuYOgi8O,Moderate
R_2WBXrtUitmsEqN6,Moderate
R_1gtZf0ahEoOSSFX,Conservative
R_1SxxDI7xeHhsgCJ,Liberal
R_2wmZ7RqKS8h5QKW,Conservative
R_2cwKNMwSTmISreG,Moderate
R_2citlw9qHOgoZlL,Moderate
R_1FJ2AFvRxflWFKb,Moderate
R_3hgr2JyMV8FA5as,Liberal
R_2R9WbElaHnx1yFn,Liberal
R_1QsgzZGDYUrXCMU,Liberal
R_2WPtl8vw4bSSydJ,Conservative
R_1LT0mHNzFM8pyox,None
R_1OMLgllcT7JQUax,Liberal
R_2S984jyahQtLGrX,Conservative
R_2SGDDg8XcOj2p9V,Conservative
R_PvV9TwGdEF7pkcN,Moderate
R_12hFYgCugPczJR6,Moderate
R_1k0119hwZAF9HjD,Liberal
R_yDsHfvj1sZND1zX,Moderate
R_3MFeYoY6LwdW3ua,Conservative
R_3Ja2kOgRsojTdYR,Conservative
R_30l2Z8lS3CeQA9J,Moderate
R_86ssx1jpNUhbJu1,Liberal
R_23UcGvbAGxqxwSP,Moderate
R_3gXi7BpVnCisyc3,Liberal
R_5z5nG6BVMqVzzhf,Moderate
R_2vcBFNplmilA2GE,Liberal
R_3Rn3XjExWlRzjnM,Moderate
R_2VR3FybIIN4ZhPH,Liberal
R_21GSofoJaysGXF0,Conservative
R_3O9yt7bbbu84acq,Liberal
R_yPxwUTAMzV1egRr,Conservative
R_3M3yvMfq86LQXOD,Conservative
R_vi6Os0mWjjfaTHH,Conservative
R_C9XbLmJGiRpc5yh,Moderate
R_2us4LBmFZtoJB2R,Conservative
R_3LdOFeMvr4fFU3w,Liberal
R_1PUCHUEBTMCiTDf,Liberal
R_pbGjia2BnJlpy37,Moderate
R_3nquyA5G1jeWmu2,Conservative
R_1fZBHqMskucn7Jz,Moderate
R_1INneo0p3CBqQoU,Moderate
R_1PXbJiRezK3obBJ,Moderate
R_2xFC1JYVmdyoAuH,Conservative
R_2P5aQK1MCnFR33D,Conservative
R_1CIVcWUOBizufTr,Conservative
R_2rvKxLc80tsIwYg,Conservative
R_2QET1bvrF96NOhU,Conservative
R_27xH4sq7tRSqfzf,Conservative
R_1r7TUpz7FjovKtG,Liberal
R_0VTBq3VBzig0sVP,Liberal
R_eYfdMemXIthhEXv,Liberal
R_1FM0disXLjSH1Ar,Liberal
R_SUHs7a2tIoTxcT7,None
R_2tsdikRHjiY4RBj,Liberal
R_UcMKuOWRXYS4kO5,Liberal
R_129BGtIv1GnzkQ8,Liberal
R_1EaH96fSNtxxypm,Liberal
R_b49UHNxp3EAoVs5,Liberal
R_2CpNbiH0CdKiQso,Moderate
R_1BWTUqr8FtB9EY8,Moderate
R_1l3q1I81Scco6uS,Liberal
R_3hgeuDy4zW2N5F0,Liberal
R_1HqvfOp1rJXEWcW,Moderate
R_3PdGpMt7MBj3r60,Moderate
R_2BzEjjaC6N7FNIu,Moderate
R_33m4nxSp1Y8MesJ,Liberal
R_3HOzgez6SsyTArZ,Moderate
R_2R22hnQWQHpmjO9,Conservative
R_BRsB1hwafWw8Q9P,Conservative
R_1PdFKHVZmTJ86en,Moderate
R_9AVSgVJUFBAybTz,Moderate
R_sR0aWlTUZKtLUE9,Moderate
R_1IKQRRUwY5sDTjM,Liberal
R_z0alk9FAdZXrXgJ,Conservative
R_3PvIhXgf0UHpmrH,Liberal
R_2tmTWKTIoiDcpbQ,Liberal
R_2Blck6Ep1nHwVm0,Moderate
R_2WBZwBP6PGvOck9,Conservative
R_2YEzOJgqkT4CYaq,Conservative
R_a9PJXmqWcpwnqRb,Conservative
R_2wdwa72l4aLDtbB,Liberal
R_1Fnx9XIh2osqOuL,Liberal
R_3HYYoor4iA7uhoQ,Conservative
R_2tzmNp8415eTsWo,Liberal
R_Rr7F0r1eZjmlTgt,Liberal
R_3PnVgC03ij8aCvE,Conservative
R_2anOm9EVPaTaQS6,Liberal
R_2tEk9osEluYtWor,Moderate
R_3MuGCkEaIIVtx8a,Conservative
R_1LzpyoGKj8umjQl,Liberal
R_2uHsFe2WgUpiFjT,Conservative
R_2EzrMxsTOVHARTF,Moderate
R_12gs3cucalO9SaC,Conservative
R_2YCUdxuvEKPxtKe,None
R_3nOcxiGRcFQ6GjC,Liberal
R_1M5QZQpaSwAyHNy,Moderate
R_DOHvvp8l1OdufV7,Liberal
R_3ElOEoCTodu7esm,Liberal
R_w4tNvHdslbAre3T,Liberal
R_RCXsWVfGJBUkMxP,None
R_TplFcRPMeKtIEYp,Liberal
R_1jqcrH7y816b9t0,Conservative
R_2ZBLoHdBzCBE66n,Liberal
R_3O9uPMGNLE2kmg1,None
R_2zUxJcjBqT6uTuM,Liberal
R_3L6BKdwY217LW03,Liberal
R_3p4PHR38XTf10hb,Liberal
R_RxnoqC0boIrO1X3,Liberal
R_1lmkaqS7toZtYaD,Conservative
R_3CO9vLlbnINIz61,Liberal
R_12zhVky7BC9W1te,Liberal
R_xnIpB9asHCxiHCh,Conservative
R_2odXhMZbrsKbJip,Conservative
R_5pvrTaorWI5PgZP,Liberal
R_79RvMEpFAdar3QB,Moderate
R_2VrU8VupyyF4FcR,Conservative
R_2VsDR4Lq67vjpAv,Moderate
R_1INqJHBiJsSewxl,Moderate
R_3g1rP7jDs1mh5Hy,Moderate
R_DGX8UUGaLDgKuY1,Conservative
R_838maQqMGpuH0eB,Conservative
R_3PbDLjIDKeSakLg,Moderate
R_2UaWE4ZrKPP1hfG,Conservative
R_2dMYardSw8L5FcN,Moderate
R_3e1XEes0AgxQOOF,Conservative
R_URbWzrmcNJcbjcR,None
R_XEOlFdkJ4e2gZxv,Conservative
R_3L5QQ9Vegr5BefK,Liberal
R_R49tieUkhoBC8Nj,Conservative
R_3hGYs9x5UEuirDX,Liberal
R_2rDCHlJXoD9roqT,Moderate
R_pL4yRDavzBSGxGh,Liberal
R_1ihaicJGlAkRSn6,Moderate
R_1GB8J0phJ4om5ge,Moderate
R_2bUBBarelKgQ0Ny,Conservative
R_1QcsZ02ogHINq7w,Liberal
R_Dp2nJ9edsLxVg1b,Conservative
R_1fjuwfFLdocwgV8,Moderate
R_O1hQVTPgGeMzH0t,Conservative
R_SZT5IldR9MJ5Vh7,Liberal
R_eRJq9Ojs9jTRyGl,Liberal
R_ptLpTZ3reqQOxep,Moderate
R_2zGBeKIfs5rvSbx,Conservative
R_XXRtCZeQWnGBsNb,Liberal
R_29uZuahnBzyNgrL,Conservative
R_2vj1gkmRN4tDB4O,Moderate
R_dcfrw9L7W7RH0OZ,Moderate
R_3Lea9SaiJUDzPpQ,Moderate
R_ByXFDlFQQn5mWbv,Liberal
R_vxKSB8ZG7VzuTId,Conservative
R_1M3waMIE4m3LI7Q,Liberal
R_A6YX02PqcKUmP2p,Moderate
R_24qpaxsXdZJ9Ed7,Liberal
R_8p6Zs71bo3zFkJP,Moderate
R_2yeB2Knpfau8FY4,Moderate
R_yImITnQ2hcV9yEN,Conservative
R_1qdGS51jY7XR4Tg,Liberal
R_PA3Wcj2tt7gmzbb,Liberal
R_3h0gg3TCinyiiws,Liberal
R_1MX5CR6VXAoFkSx,Conservative
R_3M9TfDqlZTPTGIM,Conservative
R_1rqu3RKZ4zCfUwM,Conservative
R_3NV3BJJ6BFtGBpH,Conservative
R_1GQzeYI3B1NYXG9,Moderate
R_V2PJPWc69udjrON,Moderate
R_3G2pBO1vpLoGpML,Liberal
R_xlbzAaiwkQRInrr,Moderate
R_3lYc7kWxa2KTABU,Liberal
R_3CI7xK56qickZuv,Moderate
R_R4aEJiZUFrqI4WR,Liberal
R_29tUwXbiXeNNEaY,Liberal
R_2w6ILjwmEfyDDtd,Conservative
R_2wiyhUJMi5Ndvfy,Moderate
R_3njuocIAhqUUE2t,Liberal
R_1llxpiFtlnRAwdG,None
R_yJGWu69UBjByRLr,Liberal
R_YQhhbNEFyqSq24x,Conservative
R_3fctPlM0pK7aJs6,Moderate
R_1oiLOD3HJD3KYDg,Liberal
R_8Am22m0xxjk4gvL,Liberal
R_1opWByJDLdTsoZv,Moderate
R_2YbPob02AaO7SAR,Moderate
R_10PMPb1yXiiwL0h,Conservative
R_3ez7XNpIuE2RMVw,Conservative
R_xmTacwlhf9e1Zv3,Conservative
R_AModKZhf7cvfvIl,Moderate
R_3lVvqSdgnmAKNGg,Liberal
R_55vD0IELxlN7BRf,Conservative
R_2TFYkJDYiIxjkds,Moderate
R_6WPCSQS5jDYOkY9,Liberal
R_2xQ2AI5fjDquvT2,Conservative
R_bseVM86yqqlHXKF,Liberal
R_3FPXWEkuOeuNj60,Liberal
R_NX6pkbfXLA3FPwZ,Moderate
R_2S2EJVadOgOv4D5,Liberal
R_23aGTEAe3EsK7wu,Conservative
R_RL9m2O9tZJRYqad,Liberal
R_0lcNuHhDjClPpIJ,Moderate
R_xgxCPLSwG3eVhZL,Moderate
R_2Bbwuibt4ed9IEM,None
R_2rA8fVFA2KAbR95,Conservative
R_x47jIuI2MEUPlWF,Conservative
R_cBXMaE1JfNMuRqx,Liberal
R_bODZUNgMWaovQk1,Moderate
R_bBClsoOS8N5gQZH,Conservative
R_3PcTJkO89JS4hQZ,Moderate
R_C3rjdQJuxGXQZLb,Moderate
R_3L0TOTiXd15eEU7,Moderate
R_2TSMsZD3nPP2zqh,Liberal
R_1H2lFdw4t3O7LIn,Conservative
R_1ib8SPRfqj2OQAw,Conservative
R_2VdRSTVI0azGatY,Liberal
R_2CoZxNWil5d5xhn,Conservative
R_1gMFUafBBBoHAn3,Conservative
R_e2qNzn7f2kEQbRf,Moderate
R_2t4j618Ggay6Bum,Liberal
R_2s4Kx4VQSwXP8SB,Liberal
R_1QsJR1iyvHOtNO5,Liberal
R_21uE8vZh1xaPnid,Liberal
R_3GCmzumLb2GViVA,Conservative
R_2CWHDwvI6nsi5cB,Liberal
R_2tbMvW0S4hcPRqQ,Moderate
R_3ikIqarL0p1KTWG,Conservative
R_2ATPyP0OrufthL9,None
R_3qwaZkEDBUZsmDZ,Conservative
R_1K2wC3tvL4IeoPv,Moderate
R_30jYY6JjX0MgDx2,Conservative
R_3DySZI7WikBQwlH,Moderate
R_2RQFH5omGwX6TQy,Conservative
R_277mZwh6Kn4gCPz,Moderate
R_3iOJR3HRSznVdVX,Liberal
R_1eM0NwsyykAMtPF,Conservative
R_1l4rYQu4qXDnbp0,Liberal
R_Ckqzkh48MqIX0Ep,Conservative
R_87U1JE6oNK2TfCp,Moderate
R_3sBNXWDc7B9QO3t,Moderate
R_3hmqO5XsEaoCvTj,Conservative
R_W86aUqObO34KxDb,Conservative
R_28TGTkmqHmJb9ON,Moderate
R_2fm4oLNQzB7UNR3,Conservative
R_UaQ836kqjuc0bPH,Moderate
R_sSQZo5XJbvPIoZr,Liberal
R_3LZRpIVIhdqAGmv,Moderate
R_1IyYaO5gO9eT1nS,Conservative
R_27QLhv1L8dABBop,Conservative
R_3HZDtexKHBE8AIv,None
R_3L6USUXYZVMxt7C,Liberal
R_1ifxsUGpvkltYQV,Liberal
R_3QSOR3tFOpBIH5m,Liberal
R_2sdbqivjOIy6mZF,Liberal
R_1HdTuDv4bE0tFG7,Liberal
R_3hxX5LbUjE2rJt6,Moderate
R_2ROnVF7pGW46T0Z,Moderate
R_3dEvzuJ0CvUX94O,Moderate
R_3QXamLmAS8GD2rZ,Liberal
R_3saAmo5yF4OzOOZ,Moderate
R_1DSdq4CoflvcVgq,Conservative
R_1114fEhZfDxoLEv,Moderate
R_3QWPFHn5VULV4yE,Liberal
R_RPjGwfqFcNpgFCF,None
R_2ebpY3yF6ZeKMz0,Liberal
R_8cca7xus7N68y8V,Moderate
R_bEg0tDwqBrlZurD,Conservative
R_2uqxmauvtWKJYww,Liberal
R_3nw5h8tSruSH5Jo,Liberal
R_pPLTPPSs7Uh2v4Z,Conservative
R_YaGbCF2VsxUDx5f,None
R_tKW5o8RFukdytfr,Liberal
R_3NFbLNZEdIi5Pqx,Conservative
R_3ereYqsA7gi0dzg,Moderate
R_28M5Z1sJuZIDrLG,Liberal
R_2AFJPXUso0KXdiM,Liberal
R_2zUO0JQaqWJoNQQ,Liberal
R_UYYZPkQcSoxirBf,Liberal
R_3qUOLlxSTNjWUFr,Conservative
R_1LhQoN44amwHYU1,Conservative
R_28RFkDxYlioxzBw,Conservative
R_30r7gVm7YD8bEE2,Conservative
R_2YPWgGmY9hQGrlc,Conservative
R_5gvp9FSvmjzfVhn,Moderate
R_3gT10rl1wG3P0Fq,Moderate
R_12AbOmHcSLCSoRF,Conservative
R_10BFhiv0HVTLkyU,Liberal
R_WrsAXqtfm1brOgh,Liberal
R_1Kr8riM5W1YfFdM,Liberal
R_2qxVlfk7SEvJTwE,Moderate
R_2DOYVOJf9Iwt9AE,Moderate
R_bQUoEM1jD810qfn,Conservative
R_6yP0bIU1cP1URhf,Conservative
R_2cAsnAtnYqNP58k,Liberal
R_31gEc8Grp9nG4Em,Conservative
R_5AVsXpeHHqdpJE5,Liberal
R_1I61TXfel0mcVWb,Conservative
R_zZMllqHnOycTs9b,Conservative
R_1diOqYtCQzYbp1S,Liberal
R_25L0G7iKJzxMTPp,Liberal
R_erGhQbVU6SEGh9f,Moderate
R_db2Ti9B46EVRdAt,Liberal
R_1o5U1KqaqgHKTSV,Moderate
R_3kw6kHtEGeiq6JR,Liberal
R_OiYt4ZuSAPwMXPb,Moderate
R_2YEdXJu4fobQd65,Conservative
R_1EchQOvm59JfdLc,Moderate
R_uyxoSqaBscA7xIZ,Moderate
R_5o5A1kQfiB21cZ3,Moderate
R_1Kd3HF4v9ORzkip,Liberal
R_1d4w3Znp1jXmrAi,Conservative
R_2S3oLWmMoTVMu1j,Liberal
R_xEhFJPtWHYaWB3j,Liberal
R_80um6mVPfnAFMT7,None
R_11hZIh3IbWquCW4,Conservative
R_3GoLn4AwNFOOP4y,Conservative
R_3ehlIHdqAUcWao9,Conservative
R_9YzhA3DQKAbM7O9,Moderate
R_30059xsIalwMoB1,Conservative
R_2zuqMXONxxF7Dhu,Liberal
R_2qaSHc25kX3f1mb,Moderate
R_3HXnq7dJHpxD4Xr,Moderate
R_2xFDDLGlrUizqvX,Conservative
R_2aPmC7YsaSzR8vU,Liberal
R_DAi0lextAZvAqul,Conservative
R_28Be1OKuRJcQAsY,Conservative
R_115fCkCrp7DHJOx,Conservative
R_TsXkUaRyMeD4lY5,Liberal
R_xFrntqQ4H7dK3h7,Moderate
R_3ek11vkhBZKw7Bg,Moderate
R_Uz356pgplGnocgN,Moderate
R_2aOUlZ8rb9p5Sho,Liberal
R_2BgpbCdG9hZU6x6,Conservative
R_8HtQYksJK0LlKTv,Moderate
R_2y8YDg02ze3WwAM,Conservative
R_110fi99BLi2ZFUy,Liberal
R_1jqRnrJ2prDydML,Liberal
R_pLXXX6dQWU8WVKV,Liberal
R_DvMlnf1XN7FpFlf,Conservative
R_1pzF8Vcu8ntAe0H,Moderate
R_qDFVaYQovMycajL,Liberal
R_SMJO8QZs4dVKt21,Moderate
R_2qdDVjuwi7lqZGc,Liberal
R_2uKYNFlc6EI9KQk,Liberal
R_3KvdtgZo4PlbIK9,Conservative
R_1DP6u0Ysapej67b,None
R_cu6Dan95a1gV997,Conservative
R_37WxQCqv4ooDZjr,Conservative
R_3ly74Alyc8MAZR5,Moderate
R_Zq1ssTr1f8ESFA5,Conservative
R_1f0EOwd3YIxX7Fi,Moderate
R_1rPaWFgP0ukdOIi,Liberal
R_31uyEww6NTe3ggB,Conservative
R_pbL0OPzvXfUf5AZ,Liberal
R_2e8oXVM2TH0cKVg,Liberal
R_1CxvR78Bt8gYWQK,Liberal
R_0ffCiPhxhNjtwVX,None
R_1DpU3r3KGT2ZADn,Conservative
R_3QPeawq0bucZAKP,Conservative
R_1rIXPfj8bvQdGm3,Moderate
R_2R9DrYgICSi5DRp,Conservative
R_27srLxP0OmKDGTQ,Liberal
R_3FJnIjmM4kMnagW,Liberal
R_3e2Efv033f8SWT3,Moderate
R_3IYt7aDMIcYjEqi,Moderate
R_2U8YFNCYlHeWwWq,Liberal
R_2rklcfvQMkI6lxI,Conservative
R_25Qv0rlTpUz1xvj,Liberal
R_3HUg4uCJLWqRkb7,Conservative
R_2dg7LgyWp7b3gNS,Moderate
R_2ebfN3vSdj5ZNCR,Liberal
R_1FOLhNxExeROkPf,Moderate
R_vjWT4I1cCQa1ExX,Liberal
R_838zQiccnSoVgqJ,Conservative
R_25AVxOTUcmBrvwd,Conservative
R_2AGpV0p0CkKFheA,Liberal
R_1N3Ut25FQPHnmlg,Conservative
R_3JgZcCZ52GQjZ8o,Moderate
R_YPGMRtYNVze8OvD,Conservative
R_XInQqVYBUnAn6Kd,Moderate
R_2P7Qkyv5nynEDTS,Moderate
R_27HBQdJddyomKNb,Conservative
R_UaxKmz3ySOqzZ73,Conservative
R_WD7kD8lZx8x9YZP,Moderate
R_1IghI33U2pYxay1,Liberal
R_9uy3GvSVsG2k7zr,Moderate
R_u8Laz2j6w4rGUff,Liberal
R_1hywesAsdRzVKPW,Liberal
R_1QxwPOY6mHCAXLX,Moderate
R_2rOz7nIUNPWtm49,Conservative
R_bqMIqvBTFKUwkeZ,Liberal
R_3fICcaotAiAY4li,Conservative
R_eEdC4G5GQYO5aAp,Liberal
R_3R2ig0MNSDElciP,Moderate
R_12Dwyx7yjSpcxK0,Liberal
R_28CyCzTzJoqvyVq,Conservative
R_yNKkCypeR54QKXL,Conservative
R_2Vw3R8CVKCjkPTZ,Liberal
R_21apWH87rO2B9Mc,Conservative
R_r1nTW3rsudTsqQ1,Conservative
R_vOWN74RWhhcphW9,Moderate
R_2Ytaufw1Gsoo1hb,Moderate
R_2SfaQKcN4A9mBMv,Moderate
R_1QFL7Qm9mrTFqhm,Moderate
R_3m30TW5XqXzZ791,Liberal
R_22s67cowN2FB2Ma,Moderate
R_3EtDD5tOObdTBo2,Liberal
R_1IQ3VbxpCcYO5as,Liberal
R_1mEGAFIZ3abck3j,Liberal
R_1MSzWOUnEFZKxC5,Conservative
R_2woFoLnLeo7Y8Bh,Moderate
R_3MsXsRUydtNgdKe,Liberal
R_3EalnyGoapLdmLK,Liberal
R_2v0RB3gYNpXMZBP,Liberal
R_3Rln36hglXldnIR,Conservative
R_PTCZpIwWgVQSfnP,Conservative
R_3qQgOB03ujUc0vH,Liberal
R_2DZihgUgRHdEBfp,Conservative
R_3kH9PyeWKNiFvEG,Moderate
R_3P4uUcBxohHaoju,Liberal
R_2f70tvTtFzpqfOT,Moderate
R_2UiwACLn1VOBggw,Liberal
R_2rozjs9ghg0IdH7,Moderate
R_2bNbDuBuT9JDYxS,Liberal
R_1K1oHllSKyqsdzX,Conservative
R_3eeorMj3UcwRHtN,Liberal
R_DeNctsYfkJL4MsV,Liberal
R_2wcXorSBuapsP13,Conservative
R_1o77VpOANpL2qjw,Conservative
R_8ui8zcWzrkcDMPf,Moderate
R_2qlxITQ0txUdkkK,Moderate
R_W8XfJQn5jpVwiLn,Conservative
R_1QxRC19eS6CPexi,Moderate
R_sGYKcyuBDSUIOJz,None
R_3MGyQAnvySgHDft,None
R_BYci0j9tytIX9ND,Moderate
R_3kM1gHJiqK8fAvM,Moderate
R_1flawP8WKleSlLi,Moderate
R_28CyAHE4lh3WcBG,Moderate
R_3M9cAuGe74g0xIW,Conservative
R_1LSeEfhxoEYpIfe,Conservative
R_2VCGoI4wsveKE3f,Conservative
